Weekly_Sales,,,,
10618.1,,,,
10537.9,,,,
10209.3,,,,
10553,,,,
9934.9,,,,
10534.5,,,,
10196.5,,,,
10511.8,,,,
10089.6,,,,
10371.2,,,,
10239.4,,,,
10472.4,,,,
10827.2,,,,
10640.8,,,,
10517.8,,,,
10154.2,,,,
9969.2,,,,
10260.4,,,,
10737,,,,
10430,,,,
10689,,,,
10430.4,,,,
10002.4,,,,
10135.7,,,,
10096.2,,,,
10288.7,,,,
10289.1,,,,
10589.9,,,,
10551.9,,,,
10208.3,,,,
10334.5,,,,
10480.1,,,,
10387.6,,,,
10202.6,,,,
10219.3,,,,
10382.7,,,,
10820.5,,,,
10358.7,,,,
10494.6,,,,
10497.6,,,,
10431.5,,,,
10447.8,,,,
10684.4,,,,
10176.5,,,,
10616,,,,
10627.7,,,,
10684,,,,
10246.7,,,,
10265,,,,
10090.4,,,,
9881.1,,,,
10449.7,,,,
10276.3,,,,
10175.2,,,,
10212.5,,,,
10395.5,,,,
10545.9,,,,
10635.7,,,,
10265.2,,,,
10551.6,,,,
10538.2,,,,
10286.2,,,,
10171.3,,,,
10393.1,,,,
10162.3,,,,
10164.5,,,,
10327,,,,
10365.1,,,,
10755.9,,,,
10463.6,,,,
10080.5,,,,
10479.6,,,,
9980.9,,,,
10039.2,,,,
10246.1,,,,
10368,,,,
10446.3,,,,
10535.3,,,,
10786.9,,,,
9975.8,,,,
10160.9,,,,
10422.1,,,,
10757.2,,,,
10463.8,,,,
10307,,,,
10134.7,,,,
10207.7,,,,
10488,,,,
10262.3,,,,
10785.9,,,,
10375.4,,,,
10123.4,,,,
10462.7,,,,
10205.5,,,,
10522.7,,,,
10253.2,,,,
10428.7,,,,
10615.8,,,,
10417.3,,,,
10445.4,,,,
10690.6,,,,
10271.8,,,,
10524.8,,,,
9815,,,,
10398.5,,,,
10553.1,,,,
10655.8,,,,
10199.1,,,,
10416.6,,,,
10391.3,,,,
10210.1,,,,
10352.5,,,,
10423.8,,,,
10519.3,,,,
10596.7,,,,
10650,,,,
10741.6,,,,
10246,,,,
10354.4,,,,
10155.4,,,,