Viscosity Hourly,,,,
86.7418,,,,
85.3195,,,,
84.7355,,,,
85.1113,,,,
85.1487,,,,
84.4775,,,,
84.6827,,,,
84.6757,,,,
86.3169,,,,
88.0006,,,,
86.2597,,,,
85.8286,,,,
83.75,,,,
84.4628,,,,
84.6476,,,,
84.5751,,,,
82.2473,,,,
83.3774,,,,
83.5385,,,,
85.162,,,,
83.7881,,,,
84.0421,,,,
84.1023,,,,
84.8495,,,,
87.6416,,,,
87.2397,,,,
87.5219,,,,
86.4992,,,,
85.605,,,,
86.8293,,,,
84.5004,,,,
84.1844,,,,
85.4563,,,,
86.1511,,,,
86.4142,,,,
86.0498,,,,
86.6642,,,,
84.7289,,,,
85.9523,,,,
86.8473,,,,
88.425,,,,
89.6481,,,,
87.8566,,,,
88.4997,,,,
87.0622,,,,
85.1973,,,,
85.0767,,,,
84.4362,,,,
84.2112,,,,
85.9952,,,,
85.5722,,,,
83.7935,,,,
84.3706,,,,
83.3762,,,,
84.9975,,,,
84.3495,,,,
85.3395,,,,
86.0503,,,,
84.8839,,,,
85.4176,,,,
84.2309,,,,
83.5761,,,,
84.1343,,,,
82.6974,,,,
83.5454,,,,
86.4714,,,,
86.2143,,,,
87.0215,,,,
86.6504,,,,
85.7082,,,,
86.1504,,,,
85.8032,,,,
85.6197,,,,
84.2339,,,,
83.5737,,,,
84.7052,,,,
83.8168,,,,
82.4171,,,,
83.042,,,,
83.6993,,,,
82.2033,,,,
82.1413,,,,
81.7961,,,,
82.3241,,,,
81.5316,,,,
81.728,,,,
82.5375,,,,
82.3877,,,,
82.4159,,,,
82.2102,,,,
82.7673,,,,
83.1234,,,,
83.2203,,,,
84.451,,,,
84.9145,,,,
85.7609,,,,
85.2302,,,,
86.7312,,,,
87.0048,,,,
85.0572,,,,