Weekly Sales,,,,
28.05,,,,
28.23,,,,
26.25,,,,
25.41,,,,
26.25,,,,
26.03,,,,
26.09,,,,
26.28,,,,
26,,,,
25.63,,,,
25.57,,,,
25.57,,,,
25.16,,,,
26.52,,,,
27.18,,,,
26.93,,,,
26.5,,,,
26.5,,,,
27.27,,,,
27.7,,,,
28.17,,,,
28.26,,,,
28.29,,,,
28.23,,,,
28.54,,,,
28.94,,,,
28.51,,,,
27.55,,,,
28.05,,,,
27.98,,,,
23.55,,,,
24.21,,,,
23.92,,,,
21.77,,,,
23.74,,,,
23.55,,,,
23.34,,,,
23.22,,,,
22.87,,,,
21.36,,,,
21.3,,,,
21.51,,,,
21.32,,,,
21.67,,,,
21.48,,,,
21.85,,,,
21.49,,,,
21.48,,,,
22.1,,,,
21.79,,,,
22.01,,,,
22.26,,,,
22.35,,,,
23.06,,,,
22.78,,,,
22.19,,,,
22.19,,,,
22.66,,,,
22.5,,,,
21.36,,,,
20.71,,,,
20.86,,,,
20.95,,,,
20.12,,,,
19.5,,,,
20.3,,,,
20.09,,,,
20.38,,,,
21.13,,,,
20.63,,,,
20.35,,,,
20.39,,,,
20.95,,,,
21.94,,,,
21.43,,,,
21.37,,,,
21.24,,,,
21.13,,,,
22.36,,,,
22.93,,,,
23.26,,,,
24.07,,,,
23.79,,,,
24.56,,,,
24.43,,,,
24.29,,,,
23.33,,,,
25.2,,,,
24.94,,,,
24.95,,,,
25.25,,,,
25.7,,,,
26.33,,,,
27.81,,,,
28.04,,,,
28.75,,,,
28.72,,,,
28.33,,,,
27.61,,,,
27.98,,,,
27.88,,,,
27.78,,,,
28.03,,,,
28.36,,,,
28.31,,,,
27.58,,,,
27.43,,,,
27.16,,,,
27.92,,,,
27.36,,,,
27.17,,,,
27.39,,,,
27.58,,,,
27.55,,,,
27.49,,,,
27.7,,,,
27.19,,,,
26.76,,,,
26.53,,,,
26.45,,,,
25.97,,,,
26.11,,,,
26.5,,,,
26.98,,,,
26.84,,,,
28.03,,,,
28,,,,
28.01,,,,
27.2,,,,
27.92,,,,
27.1,,,,
27.15,,,,
27.19,,,,
26.69,,,,
26.79,,,,
27.17,,,,
26.72,,,,
26.33,,,,
26.23,,,,
26.59,,,,
26.82,,,,
27.24,,,,
28.49,,,,
31.65,,,,
34.47,,,,
33.63,,,,
32.58,,,,
32.62,,,,
32.09,,,,
32.41,,,,
32.24,,,,
31.6,,,,
31.78,,,,
32.99,,,,
32.69,,,,
33.31,,,,
32.78,,,,
32.78,,,,
32.82,,,,
33.04,,,,
33.79,,,,
32.69,,,,
32.4,,,,
32.91,,,,
33.38,,,,
34.72,,,,
35.22,,,,
34.77,,,,
34.85,,,,
33.91,,,,
34.39,,,,
34.49,,,,
34.37,,,,
33.44,,,,
33.24,,,,
33.18,,,,
31.26,,,,
31.04,,,,
30.33,,,,
30.69,,,,
30.84,,,,
29.95,,,,
29.22,,,,
31.11,,,,
30.93,,,,
30.98,,,,
32.59,,,,
32.5,,,,
32.12,,,,
32.09,,,,
32.85,,,,
33.44,,,,
32.68,,,,
32.54,,,,
32.07,,,,
33.18,,,,
33.45,,,,
34.35,,,,
33.95,,,,
34.42,,,,
35.2,,,,
35.3,,,,
35.65,,,,
35.96,,,,
35.86,,,,
35.61,,,,
34.42,,,,
34.55,,,,
35.43,,,,
34.92,,,,
35.56,,,,
35.85,,,,
36.89,,,,
37.24,,,,
37.01,,,,
37.52,,,,
37.24,,,,
40.36,,,,
39.42,,,,
40.16,,,,
42.64,,,,
41.86,,,,
42.58,,,,
42.63,,,,
42.14,,,,
41.62,,,,
42.59,,,,
42.5,,,,
42.38,,,,
42.77,,,,
43.8,,,,
45.13,,,,
45.4,,,,
43.81,,,,
42.11,,,,
41.24,,,,
40.91,,,,
41.05,,,,
41.13,,,,
41.55,,,,
41.35,,,,
41.27,,,,
42.46,,,,
42.96,,,,
43.63,,,,
43.63,,,,
43.59,,,,
43.14,,,,